Row Labels,Average of CENSUS2010POP
Alabama,140580.4706
Alaska,47348.73333
Arizona,799002.125
Arkansas,76734.68421
California,1262845.966
Colorado,154744.4923
Connecticut,794243.7778
Delaware,448967
District of Columbia,601723
Florida,552979.7059
Georgia,121095.6625
Hawaii,453433.6667
Idaho,69670.31111
Illinois,249138.4854
Indiana,139436.6022
Iowa,60927.1
Kansas,53832.41509
Kentucky,71725.07438
Louisiana,139488.3692
Maine,156277.7647
Maryland,461884.16
Massachusetts,873017.2
Michigan,235324.7619
Minnesota,120543.75
Mississippi,71501.13253
Missouri,103257.3621
Montana,34716.31579
Nebraska,38858.31915
Nevada,300061.2222
New Hampshire,239358.1818
New Jersey,799263.0909
New Mexico,121128.1765
New York,615177.8413
North Carolina,188821.4455
North Dakota,24910.77778
Ohio,259247.2809
Oklahoma,96188.48718
Oregon,207085.0811
Pennsylvania,373599.3824
Rhode Island,350855.6667
South Carolina,196824
South Dakota,24303.8806
Tennessee,132210.5208
Texas,197220.0863
Utah,184259
Vermont,83432.13333
Virginia,119371.8358
Washington,336227
West Virginia,66178.35714
Wisconsin,155807.8356
Wyoming,46968.83333
Grand Total,193387.051